[
  {
    "area": "hokkaido",
    "name": "北海道配送センター（北海道庁）",
    "address1": "北3条西6丁目",
    "address2": "",
    "city": "札幌市中央区",
    "province": "北海道",
    "province_code": "JP-01",
    "zip": "060-8588",
    "country_code": "JP",
    "phone": "011-231-4111"
  },
  {
    "area": "kita-tohoku",
    "name": "北東北配送センター（青森県庁）",
    "address1": "長島1-1-1",
    "address2": "",
    "city": "青森市",
    "province": "青森県",
    "province_code": "JP-02",
    "zip": "030-8570",
    "country_code": "JP",
    "phone": "017-722-1111"
  },
  {
    "area": "minami-tohoku",
    "name": "南東北配送センター（宮城県庁）",
    "address1": "本町3-8-1",
    "address2": "",
    "city": "仙台市青葉区",
    "province": "宮城県",
    "province_code": "JP-04",
    "zip": "980-8570",
    "country_code": "JP",
    "phone": "022-211-2111"
  },
  {
    "area": "kanto",
    "name": "関東配送センター（東京都庁）",
    "address1": "西新宿2-8-1",
    "address2": "",
    "city": "新宿区",
    "province": "東京都",
    "province_code": "JP-13",
    "zip": "163-8001",
    "country_code": "JP",
    "phone": "03-5321-1111"
  },
  {
    "area": "shinetsu",
    "name": "信越配送センター（新潟県庁）",
    "address1": "新光町4-1",
    "address2": "",
    "city": "新潟市中央区",
    "province": "新潟県",
    "province_code": "JP-15",
    "zip": "950-8570",
    "country_code": "JP",
    "phone": "025-285-5511"
  },
  {
    "area": "hokuriku",
    "name": "北陸配送センター（石川県庁）",
    "address1": "鞍月1-1",
    "address2": "",
    "city": "金沢市",
    "province": "石川県",
    "province_code": "JP-17",
    "zip": "920-8580",
    "country_code": "JP",
    "phone": "076-225-1111"
  },
  {
    "area": "chubu",
    "name": "中部配送センター（愛知県庁）",
    "address1": "三の丸3-1-2",
    "address2": "",
    "city": "名古屋市中区",
    "province": "愛知県",
    "province_code": "JP-23",
    "zip": "460-8501",
    "country_code": "JP",
    "phone": "052-961-2111"
  },
  {
    "area": "kansai",
    "name": "関西配送センター（大阪府庁）",
    "address1": "大手前2",
    "address2": "",
    "city": "大阪市中央区",
    "province": "大阪府",
    "province_code": "JP-27",
    "zip": "540-8570",
    "country_code": "JP",
    "phone": "06-6941-0351"
  },
  {
    "area": "chugoku",
    "name": "中国配送センター（広島県庁）",
    "address1": "基町10-52",
    "address2": "",
    "city": "広島市中区",
    "province": "広島県",
    "province_code": "JP-34",
    "zip": "730-8511",
    "country_code": "JP",
    "phone": "082-228-2111"
  },
  {
    "area": "shikoku",
    "name": "四国配送センター（香川県庁）",
    "address1": "番町4-1-10",
    "address2": "",
    "city": "高松市",
    "province": "香川県",
    "province_code": "JP-37",
    "zip": "760-8570",
    "country_code": "JP",
    "phone": "087-831-1111"
  },
  {
    "area": "kita-kyushu",
    "name": "北九州配送センター（福岡県庁）",
    "address1": "東公園7-7",
    "address2": "",
    "city": "福岡市博多区",
    "province": "福岡県",
    "province_code": "JP-40",
    "zip": "812-8577",
    "country_code": "JP",
    "phone": "092-651-1111"
  },
  {
    "area": "minami-kyushu",
    "name": "南九州配送センター（鹿児島県庁）",
    "address1": "鴨池新町10-1",
    "address2": "",
    "city": "鹿児島市",
    "province": "鹿児島県",
    "province_code": "JP-46",
    "zip": "890-8577",
    "country_code": "JP",
    "phone": "099-286-2111"
  },
  {
    "area": "okinawa",
    "name": "沖縄配送センター（沖縄県庁）",
    "address1": "泉崎1-2-2",
    "address2": "",
    "city": "那覇市",
    "province": "沖縄県",
    "province_code": "JP-47",
    "zip": "900-8570",
    "country_code": "JP",
    "phone": "098-866-2333"
  }
]
